CO_MUNICIPIO;NO_MUNICIPIO;SG_UF;REDE;ANO_ESCOLAR;QT_MATRICULAS;TAXA_EVASAO;TAXA_APROVACAO;TAXA_REPROVACAO;EVASAO_ABSOLUTA;APROVADOS_ABSOLUTOS;REPROVADOS_ABSOLUTOS
3200102;Afonso Cláudio;ES;Estadual;6;191;0.0;0.9840000000000001;0.016;0.0;187.94400000000002;3.056
3200102;Afonso Cláudio;ES;Estadual;7;243;0.0;0.978;0.022000000000000002;0.0;237.654;5.346000000000001
3200102;Afonso Cláudio;ES;Estadual;8;253;0.0;0.98;0.02;0.0;247.94;5.0600000000000005
3200102;Afonso Cláudio;ES;Estadual;9;229;0.0;1.0;0.0;0.0;229.0;0.0
3200102;Afonso Cláudio;ES;Municipal;6;195;0.0;0.965;0.035;0.0;188.17499999999998;6.825000000000001
3200102;Afonso Cláudio;ES;Municipal;7;191;0.005;0.963;0.032;0.9550000000000001;183.933;6.112
3200102;Afonso Cláudio;ES;Municipal;8;151;0.0;0.9590000000000001;0.040999999999999995;0.0;144.809;6.190999999999999
3200102;Afonso Cláudio;ES;Municipal;9;158;0.0;1.0;0.0;0.0;158.0;0.0
3200201;Alegre;ES;Estadual;6;332;0.0;1.0;0.0;0.0;332.0;0.0
3200201;Alegre;ES;Estadual;7;310;0.0;1.0;0.0;0.0;310.0;0.0
3200201;Alegre;ES;Estadual;8;290;0.0;0.996;0.004;0.0;288.84;1.16
3200201;Alegre;ES;Estadual;9;313;0.0;0.993;0.006999999999999999;0.0;310.809;2.191
3200201;Alegre;ES;Municipal;6;0;;;;0.0;0.0;0.0
3200201;Alegre;ES;Municipal;7;0;;;;0.0;0.0;0.0
3200201;Alegre;ES;Municipal;8;0;;;;0.0;0.0;0.0
3200201;Alegre;ES;Municipal;9;0;;;;0.0;0.0;0.0
3200300;Alfredo Chaves;ES;Estadual;6;18;0.0;1.0;0.0;0.0;18.0;0.0
3200300;Alfredo Chaves;ES;Estadual;7;28;0.0;1.0;0.0;0.0;28.0;0.0
3200300;Alfredo Chaves;ES;Estadual;8;25;0.0;0.96;0.04;0.0;24.0;1.0
3200300;Alfredo Chaves;ES;Estadual;9;32;0.0;1.0;0.0;0.0;32.0;0.0
3200300;Alfredo Chaves;ES;Municipal;6;135;0.0;0.9229999999999999;0.077;0.0;124.60499999999999;10.395
3200300;Alfredo Chaves;ES;Municipal;7;121;0.0;0.9229999999999999;0.077;0.0;111.68299999999999;9.317
3200300;Alfredo Chaves;ES;Municipal;8;126;0.0;0.937;0.063;0.0;118.06200000000001;7.938
3200300;Alfredo Chaves;ES;Municipal;9;121;0.008;0.983;0.009000000000000001;0.968;118.943;1.0890000000000002
3200359;Alto Rio Novo;ES;Estadual;6;78;0.0;1.0;0.0;0.0;78.0;0.0
3200359;Alto Rio Novo;ES;Estadual;7;105;0.0;1.0;0.0;0.0;105.0;0.0
3200359;Alto Rio Novo;ES;Estadual;8;94;0.0;1.0;0.0;0.0;94.0;0.0
3200359;Alto Rio Novo;ES;Estadual;9;97;0.021;0.9790000000000001;0.0;2.037;94.96300000000001;0.0
3200359;Alto Rio Novo;ES;Municipal;6;19;0.0;0.789;0.21100000000000002;0.0;14.991000000000001;4.009
3200359;Alto Rio Novo;ES;Municipal;7;17;0.0;0.8240000000000001;0.17600000000000002;0.0;14.008000000000001;2.9920000000000004
3200359;Alto Rio Novo;ES;Municipal;8;10;0.0;1.0;0.0;0.0;10.0;0.0
3200359;Alto Rio Novo;ES;Municipal;9;15;0.0;1.0;0.0;0.0;15.0;0.0
3200409;Anchieta;ES;Estadual;6;0;;;;0.0;0.0;0.0
3200409;Anchieta;ES;Estadual;7;63;0.0;0.9570000000000001;0.043;0.0;60.291000000000004;2.7089999999999996
3200409;Anchieta;ES;Estadual;8;63;0.0;1.0;0.0;0.0;63.0;0.0
3200409;Anchieta;ES;Estadual;9;40;0.0;1.0;0.0;0.0;40.0;0.0
3200409;Anchieta;ES;Municipal;6;461;0.004;0.888;0.10800000000000001;1.844;409.368;49.788000000000004
3200409;Anchieta;ES;Municipal;7;370;0.006;0.873;0.121;2.22;323.01;44.769999999999996
3200409;Anchieta;ES;Municipal;8;360;0.0;0.9;0.1;0.0;324.0;36.0
3200409;Anchieta;ES;Municipal;9;296;0.0;0.955;0.045;0.0;282.68;13.32
3200508;Apiacá;ES;Estadual;6;0;;;;0.0;0.0;0.0
3200508;Apiacá;ES;Estadual;7;27;0.0;1.0;0.0;0.0;27.0;0.0
3200508;Apiacá;ES;Estadual;8;34;0.0;1.0;0.0;0.0;34.0;0.0
3200508;Apiacá;ES;Estadual;9;28;0.0;1.0;0.0;0.0;28.0;0.0
3200508;Apiacá;ES;Municipal;6;90;0.0;0.924;0.076;0.0;83.16000000000001;6.84
3200508;Apiacá;ES;Municipal;7;53;0.0;0.792;0.20800000000000002;0.0;41.976;11.024000000000001
3200508;Apiacá;ES;Municipal;8;62;0.0;0.887;0.113;0.0;54.994;7.006
3200508;Apiacá;ES;Municipal;9;66;0.0;0.919;0.081;0.0;60.654;5.346
3200607;Aracruz;ES;Estadual;6;361;0.0;0.968;0.032;0.0;349.448;11.552
3200607;Aracruz;ES;Estadual;7;357;0.002;0.9440000000000001;0.054000000000000006;0.714;337.00800000000004;19.278000000000002
3200607;Aracruz;ES;Estadual;8;368;0.0;0.943;0.057;0.0;347.024;20.976
3200607;Aracruz;ES;Estadual;9;301;0.004;0.955;0.040999999999999995;1.204;287.455;12.341
3200607;Aracruz;ES;Municipal;6;1028;0.001;0.883;0.11599999999999999;1.028;907.724;119.24799999999999
3200607;Aracruz;ES;Municipal;7;1005;0.003;0.92;0.077;3.015;924.6;77.385
3200607;Aracruz;ES;Municipal;8;974;0.004;0.9329999999999999;0.063;3.896;908.742;61.362
3200607;Aracruz;ES;Municipal;9;993;0.003;0.973;0.024;2.979;966.189;23.832
3200706;Atílio Vivácqua;ES;Estadual;6;0;;;;0.0;0.0;0.0
3200706;Atílio Vivácqua;ES;Estadual;7;0;;;;0.0;0.0;0.0
3200706;Atílio Vivácqua;ES;Estadual;8;0;;;;0.0;0.0;0.0
3200706;Atílio Vivácqua;ES;Estadual;9;0;;;;0.0;0.0;0.0
3200706;Atílio Vivácqua;ES;Municipal;6;156;0.0;0.9259999999999999;0.07400000000000001;0.0;144.456;11.544000000000002
3200706;Atílio Vivácqua;ES;Municipal;7;147;0.0;0.9129999999999999;0.087;0.0;134.21099999999998;12.789
3200706;Atílio Vivácqua;ES;Municipal;8;135;0.0;0.9690000000000001;0.031;0.0;130.815;4.185
3200706;Atílio Vivácqua;ES;Municipal;9;162;0.0;0.961;0.039;0.0;155.682;6.318
3200805;Baixo Guandu;ES;Estadual;6;111;0.0;1.0;0.0;0.0;111.0;0.0
3200805;Baixo Guandu;ES;Estadual;7;79;0.0;1.0;0.0;0.0;79.0;0.0
3200805;Baixo Guandu;ES;Estadual;8;88;0.0;1.0;0.0;0.0;88.0;0.0
3200805;Baixo Guandu;ES;Estadual;9;67;0.0;1.0;0.0;0.0;67.0;0.0
3200805;Baixo Guandu;ES;Municipal;6;254;0.0;0.938;0.062;0.0;238.25199999999998;15.748
3200805;Baixo Guandu;ES;Municipal;7;268;0.0;0.9179999999999999;0.08199999999999999;0.0;246.02399999999997;21.975999999999996
3200805;Baixo Guandu;ES;Municipal;8;218;0.0;0.9259999999999999;0.07400000000000001;0.0;201.868;16.132
3200805;Baixo Guandu;ES;Municipal;9;260;0.0;0.9520000000000001;0.048;0.0;247.52;12.48
3200904;Barra de São Francisco;ES;Estadual;6;219;0.013999999999999999;0.977;0.009000000000000001;3.066;213.963;1.9710000000000003
3200904;Barra de São Francisco;ES;Estadual;7;226;0.004;0.991;0.005;0.904;223.966;1.1300000000000001
3200904;Barra de São Francisco;ES;Estadual;8;217;0.024;0.943;0.033;5.208;204.631;7.1610000000000005
3200904;Barra de São Francisco;ES;Estadual;9;236;0.009000000000000001;0.987;0.004;2.124;232.932;0.9440000000000001
3200904;Barra de São Francisco;ES;Municipal;6;296;0.0;0.848;0.152;0.0;251.00799999999998;44.992
3200904;Barra de São Francisco;ES;Municipal;7;272;0.0;0.8759999999999999;0.124;0.0;238.27199999999996;33.728
3200904;Barra de São Francisco;ES;Municipal;8;245;0.0;0.871;0.129;0.0;213.395;31.605
3200904;Barra de São Francisco;ES;Municipal;9;229;0.0;0.991;0.009000000000000001;0.0;226.939;2.0610000000000004
3201001;Boa Esperança;ES;Estadual;6;122;0.0;1.0;0.0;0.0;122.0;0.0
3201001;Boa Esperança;ES;Estadual;7;133;0.0;0.993;0.006999999999999999;0.0;132.069;0.9309999999999999
3201001;Boa Esperança;ES;Estadual;8;124;0.0;0.992;0.008;0.0;123.008;0.992
3201001;Boa Esperança;ES;Estadual;9;124;0.0;1.0;0.0;0.0;124.0;0.0
3201001;Boa Esperança;ES;Municipal;6;102;0.0;0.9790000000000001;0.021;0.0;99.858;2.1420000000000003
3201001;Boa Esperança;ES;Municipal;7;77;0.0;0.987;0.013000000000000001;0.0;75.999;1.0010000000000001
3201001;Boa Esperança;ES;Municipal;8;79;0.0;0.945;0.055;0.0;74.655;4.345
3201001;Boa Esperança;ES;Municipal;9;72;0.0;1.0;0.0;0.0;72.0;0.0
3201100;Bom Jesus do Norte;ES;Estadual;6;24;0.0;1.0;0.0;0.0;24.0;0.0
3201100;Bom Jesus do Norte;ES;Estadual;7;14;0.0;1.0;0.0;0.0;14.0;0.0
3201100;Bom Jesus do Norte;ES;Estadual;8;34;0.0;1.0;0.0;0.0;34.0;0.0
3201100;Bom Jesus do Norte;ES;Estadual;9;18;0.0;1.0;0.0;0.0;18.0;0.0
3201100;Bom Jesus do Norte;ES;Municipal;6;93;0.0;0.89;0.11;0.0;82.77;10.23
3201100;Bom Jesus do Norte;ES;Municipal;7;57;0.0;0.7859999999999999;0.214;0.0;44.80199999999999;12.198
3201100;Bom Jesus do Norte;ES;Municipal;8;49;0.0;0.833;0.16699999999999998;0.0;40.817;8.183
3201100;Bom Jesus do Norte;ES;Municipal;9;57;0.0;0.943;0.057;0.0;53.751;3.249
3201159;Brejetuba;ES;Estadual;6;188;0.0;0.988;0.012;0.0;185.744;2.2560000000000002
3201159;Brejetuba;ES;Estadual;7;209;0.0;0.9740000000000001;0.026000000000000002;0.0;203.56600000000003;5.434
3201159;Brejetuba;ES;Estadual;8;192;0.017;0.983;0.0;3.2640000000000002;188.736;0.0
3201159;Brejetuba;ES;Estadual;9;178;0.0;1.0;0.0;0.0;178.0;0.0
3201159;Brejetuba;ES;Municipal;6;28;0.0;1.0;0.0;0.0;28.0;0.0
3201159;Brejetuba;ES;Municipal;7;28;0.0;1.0;0.0;0.0;28.0;0.0
3201159;Brejetuba;ES;Municipal;8;29;0.0;1.0;0.0;0.0;29.0;0.0
3201159;Brejetuba;ES;Municipal;9;23;0.0;1.0;0.0;0.0;23.0;0.0
3201209;Cachoeiro de Itapemirim;ES;Estadual;6;1333;0.001;0.965;0.034;1.333;1286.345;45.322
3201209;Cachoeiro de Itapemirim;ES;Estadual;7;1382;0.0;0.978;0.022000000000000002;0.0;1351.596;30.404000000000003
3201209;Cachoeiro de Itapemirim;ES;Estadual;8;1371;0.0;0.966;0.034;0.0;1324.386;46.614000000000004
3201209;Cachoeiro de Itapemirim;ES;Estadual;9;1422;0.0;0.982;0.018000000000000002;0.0;1396.404;25.596000000000004
3201209;Cachoeiro de Itapemirim;ES;Municipal;6;955;0.013000000000000001;0.82;0.16699999999999998;12.415000000000001;783.0999999999999;159.48499999999999
3201209;Cachoeiro de Itapemirim;ES;Municipal;7;657;0.011000000000000001;0.815;0.174;7.227;535.4549999999999;114.318
3201209;Cachoeiro de Itapemirim;ES;Municipal;8;681;0.013000000000000001;0.8390000000000001;0.14800000000000002;8.853000000000002;571.359;100.78800000000001
3201209;Cachoeiro de Itapemirim;ES;Municipal;9;533;0.018000000000000002;0.94;0.042;9.594000000000001;501.02;22.386000000000003
3201308;Cariacica;ES;Estadual;6;1915;0.005;0.9890000000000001;0.006;9.575000000000001;1893.9350000000002;11.49
3201308;Cariacica;ES;Estadual;7;2127;0.006;0.9840000000000001;0.01;12.762;2092.9680000000003;21.27
3201308;Cariacica;ES;Estadual;8;2047;0.005;0.977;0.018000000000000002;10.235;1999.9189999999999;36.846000000000004
3201308;Cariacica;ES;Estadual;9;2385;0.008;0.985;0.006999999999999999;19.080000000000002;2349.225;16.694999999999997
3201308;Cariacica;ES;Municipal;6;3428;0.005;0.905;0.09;17.14;3102.34;308.52
3201308;Cariacica;ES;Municipal;7;2933;0.005;0.912;0.083;14.665000000000001;2674.896;243.43900000000002
3201308;Cariacica;ES;Municipal;8;2631;0.012;0.907;0.081;31.572;2386.317;213.11100000000002
3201308;Cariacica;ES;Municipal;9;2180;0.005;0.965;0.03;10.9;2103.7;65.39999999999999
3201407;Castelo;ES;Estadual;6;24;0.0;1.0;0.0;0.0;24.0;0.0
3201407;Castelo;ES;Estadual;7;35;0.0;1.0;0.0;0.0;35.0;0.0
3201407;Castelo;ES;Estadual;8;54;0.0;0.98;0.02;0.0;52.92;1.08
3201407;Castelo;ES;Estadual;9;63;0.016;0.9179999999999999;0.066;1.008;57.833999999999996;4.158
3201407;Castelo;ES;Municipal;6;437;0.0;0.8759999999999999;0.124;0.0;382.81199999999995;54.188
3201407;Castelo;ES;Municipal;7;362;0.0;0.873;0.127;0.0;316.026;45.974000000000004
3201407;Castelo;ES;Municipal;8;315;0.0;0.91;0.09;0.0;286.65000000000003;28.349999999999998
3201407;Castelo;ES;Municipal;9;280;0.0;0.975;0.025;0.0;273.0;7.0
3201506;Colatina;ES;Estadual;6;109;0.0;0.991;0.009000000000000001;0.0;108.019;0.9810000000000001
3201506;Colatina;ES;Estadual;7;181;0.0;0.9890000000000001;0.011000000000000001;0.0;179.00900000000001;1.991
3201506;Colatina;ES;Estadual;8;243;0.0;0.992;0.008;0.0;241.056;1.944
3201506;Colatina;ES;Estadual;9;336;0.0;0.997;0.003;0.0;334.992;1.008
3201506;Colatina;ES;Municipal;6;1234;0.001;0.92;0.079;1.234;1135.28;97.486
3201506;Colatina;ES;Municipal;7;1033;0.0;0.91;0.09;0.0;940.0300000000001;92.97
3201506;Colatina;ES;Municipal;8;1000;0.004;0.927;0.069;4.0;927.0;69.0
3201506;Colatina;ES;Municipal;9;867;0.0;0.968;0.032;0.0;839.256;27.744
3201605;Conceição da Barra;ES;Estadual;6;118;0.0;0.958;0.042;0.0;113.044;4.956
3201605;Conceição da Barra;ES;Estadual;7;116;0.0;0.9640000000000001;0.036000000000000004;0.0;111.82400000000001;4.176
3201605;Conceição da Barra;ES;Estadual;8;129;0.0;0.992;0.008;0.0;127.968;1.032
3201605;Conceição da Barra;ES;Estadual;9;112;0.0;0.991;0.009000000000000001;0.0;110.992;1.008
3201605;Conceição da Barra;ES;Municipal;6;423;0.0;0.8690000000000001;0.131;0.0;367.58700000000005;55.413000000000004
3201605;Conceição da Barra;ES;Municipal;7;359;0.0;0.9079999999999999;0.092;0.0;325.972;33.028
3201605;Conceição da Barra;ES;Municipal;8;341;0.0;0.9309999999999999;0.069;0.0;317.471;23.529000000000003
3201605;Conceição da Barra;ES;Municipal;9;307;0.0;0.968;0.032;0.0;297.176;9.824
3201704;Conceição do Castelo;ES;Estadual;6;172;0.0;0.976;0.024;0.0;167.87199999999999;4.128
3201704;Conceição do Castelo;ES;Estadual;7;164;0.0;0.973;0.027000000000000003;0.0;159.572;4.428000000000001
3201704;Conceição do Castelo;ES;Estadual;8;151;0.015;0.948;0.037000000000000005;2.265;143.148;5.587000000000001
3201704;Conceição do Castelo;ES;Estadual;9;142;0.0;0.9490000000000001;0.051;0.0;134.758;7.241999999999999
3201704;Conceição do Castelo;ES;Municipal;6;0;;;;0.0;0.0;0.0
3201704;Conceição do Castelo;ES;Municipal;7;0;;;;0.0;0.0;0.0
3201704;Conceição do Castelo;ES;Municipal;8;0;;;;0.0;0.0;0.0
3201704;Conceição do Castelo;ES;Municipal;9;0;;;;0.0;0.0;0.0
3201803;Divino de São Lourenço;ES;Estadual;6;43;0.0;0.975;0.025;0.0;41.925;1.075
3201803;Divino de São Lourenço;ES;Estadual;7;45;0.0;1.0;0.0;0.0;45.0;0.0
3201803;Divino de São Lourenço;ES;Estadual;8;48;0.0;1.0;0.0;0.0;48.0;0.0
3201803;Divino de São Lourenço;ES;Estadual;9;49;0.0;0.9790000000000001;0.021;0.0;47.971000000000004;1.0290000000000001
3201803;Divino de São Lourenço;ES;Municipal;6;17;0.0;0.8;0.2;0.0;13.600000000000001;3.4000000000000004
3201803;Divino de São Lourenço;ES;Municipal;7;21;0.0;0.95;0.05;0.0;19.95;1.05
3201803;Divino de São Lourenço;ES;Municipal;8;20;0.111;0.833;0.055999999999999994;2.22;16.66;1.1199999999999999
3201803;Divino de São Lourenço;ES;Municipal;9;10;0.0;1.0;0.0;0.0;10.0;0.0
3201902;Domingos Martins;ES;Estadual;6;103;0.0;0.971;0.028999999999999998;0.0;100.01299999999999;2.9869999999999997
3201902;Domingos Martins;ES;Estadual;7;131;0.0;0.966;0.034;0.0;126.54599999999999;4.454000000000001
3201902;Domingos Martins;ES;Estadual;8;153;0.0;0.9670000000000001;0.033;0.0;147.95100000000002;5.049
3201902;Domingos Martins;ES;Estadual;9;150;0.0;0.993;0.006999999999999999;0.0;148.95;1.0499999999999998
3201902;Domingos Martins;ES;Municipal;6;381;0.003;0.943;0.054000000000000006;1.143;359.28299999999996;20.574
3201902;Domingos Martins;ES;Municipal;7;413;0.0;0.935;0.065;0.0;386.15500000000003;26.845000000000002
3201902;Domingos Martins;ES;Municipal;8;364;0.003;0.948;0.049;1.092;345.072;17.836000000000002
3201902;Domingos Martins;ES;Municipal;9;377;0.0;0.986;0.013999999999999999;0.0;371.722;5.278
3202009;Dores do Rio Preto;ES;Estadual;6;110;0.0;1.0;0.0;0.0;110.0;0.0
3202009;Dores do Rio Preto;ES;Estadual;7;128;0.0;0.992;0.008;0.0;126.976;1.024
3202009;Dores do Rio Preto;ES;Estadual;8;100;0.0;1.0;0.0;0.0;100.0;0.0
3202009;Dores do Rio Preto;ES;Estadual;9;114;0.0;1.0;0.0;0.0;114.0;0.0
3202009;Dores do Rio Preto;ES;Municipal;6;0;;;;0.0;0.0;0.0
3202009;Dores do Rio Preto;ES;Municipal;7;0;;;;0.0;0.0;0.0
3202009;Dores do Rio Preto;ES;Municipal;8;0;;;;0.0;0.0;0.0
3202009;Dores do Rio Preto;ES;Municipal;9;0;;;;0.0;0.0;0.0
3202108;Ecoporanga;ES;Estadual;6;225;0.0;1.0;0.0;0.0;225.0;0.0
3202108;Ecoporanga;ES;Estadual;7;255;0.0;0.98;0.02;0.0;249.9;5.1000000000000005
3202108;Ecoporanga;ES;Estadual;8;267;0.0;0.9840000000000001;0.016;0.0;262.728;4.272
3202108;Ecoporanga;ES;Estadual;9;310;0.0;0.973;0.027000000000000003;0.0;301.63;8.370000000000001
3202108;Ecoporanga;ES;Municipal;6;7;0.0;1.0;0.0;0.0;7.0;0.0
3202108;Ecoporanga;ES;Municipal;7;18;0.0;0.867;0.133;0.0;15.606;2.394
3202108;Ecoporanga;ES;Municipal;8;21;0.0;1.0;0.0;0.0;21.0;0.0
3202108;Ecoporanga;ES;Municipal;9;9;0.0;1.0;0.0;0.0;9.0;0.0
3202207;Fundão;ES;Estadual;6;69;0.0;0.985;0.015;0.0;67.965;1.035
3202207;Fundão;ES;Estadual;7;59;0.0;1.0;0.0;0.0;59.0;0.0
3202207;Fundão;ES;Estadual;8;70;0.0;1.0;0.0;0.0;70.0;0.0
3202207;Fundão;ES;Estadual;9;72;0.0;1.0;0.0;0.0;72.0;0.0
3202207;Fundão;ES;Municipal;6;228;0.009000000000000001;0.79;0.201;2.052;180.12;45.828
3202207;Fundão;ES;Municipal;7;177;0.0;0.8390000000000001;0.161;0.0;148.50300000000001;28.497
3202207;Fundão;ES;Municipal;8;176;0.012;0.799;0.18899999999999997;2.112;140.624;33.263999999999996
3202207;Fundão;ES;Municipal;9;128;0.0;0.9179999999999999;0.08199999999999999;0.0;117.50399999999999;10.495999999999999
3202256;Governador Lindenberg;ES;Estadual;6;150;0.0;0.993;0.006999999999999999;0.0;148.95;1.0499999999999998
3202256;Governador Lindenberg;ES;Estadual;7;128;0.0;0.976;0.024;0.0;124.928;3.072
3202256;Governador Lindenberg;ES;Estadual;8;136;0.0;0.9790000000000001;0.021;0.0;133.144;2.8560000000000003
3202256;Governador Lindenberg;ES;Estadual;9;148;0.015;0.971;0.013999999999999999;2.2199999999999998;143.708;2.0719999999999996
3202256;Governador Lindenberg;ES;Municipal;6;0;;;;0.0;0.0;0.0
3202256;Governador Lindenberg;ES;Municipal;7;0;;;;0.0;0.0;0.0
3202256;Governador Lindenberg;ES;Municipal;8;0;;;;0.0;0.0;0.0
3202256;Governador Lindenberg;ES;Municipal;9;0;;;;0.0;0.0;0.0
3202405;Guarapari;ES;Estadual;6;97;0.0;1.0;0.0;0.0;97.0;0.0
3202405;Guarapari;ES;Estadual;7;95;0.0;0.9890000000000001;0.011000000000000001;0.0;93.95500000000001;1.0450000000000002
3202405;Guarapari;ES;Estadual;8;123;0.01;0.99;0.0;1.23;121.77;0.0
3202405;Guarapari;ES;Estadual;9;314;0.003;0.99;0.006999999999999999;0.9420000000000001;310.86;2.198
3202405;Guarapari;ES;Municipal;6;1799;0.009000000000000001;0.9279999999999999;0.063;16.191000000000003;1669.472;113.337
3202405;Guarapari;ES;Municipal;7;1640;0.011000000000000001;0.9159999999999999;0.073;18.040000000000003;1502.2399999999998;119.72
3202405;Guarapari;ES;Municipal;8;1511;0.006999999999999999;0.9229999999999999;0.07;10.576999999999998;1394.6529999999998;105.77000000000001
3202405;Guarapari;ES;Municipal;9;1144;0.011000000000000001;0.96;0.028999999999999998;12.584000000000001;1098.24;33.175999999999995
3202306;Guaçuí;ES;Estadual;6;64;0.0;1.0;0.0;0.0;64.0;0.0
3202306;Guaçuí;ES;Estadual;7;51;0.0;0.98;0.02;0.0;49.98;1.02
3202306;Guaçuí;ES;Estadual;8;37;0.0;0.9740000000000001;0.026000000000000002;0.0;36.038000000000004;0.9620000000000001
3202306;Guaçuí;ES;Estadual;9;46;0.0;1.0;0.0;0.0;46.0;0.0
3202306;Guaçuí;ES;Municipal;6;342;0.015;0.937;0.048;5.13;320.454;16.416
3202306;Guaçuí;ES;Municipal;7;273;0.022000000000000002;0.9520000000000001;0.026000000000000002;6.006;259.896;7.098000000000001
3202306;Guaçuí;ES;Municipal;8;277;0.03;0.912;0.057999999999999996;8.31;252.624;16.066
3202306;Guaçuí;ES;Municipal;9;236;0.03;0.9390000000000001;0.031;7.08;221.604;7.316
3202454;Ibatiba;ES;Estadual;6;0;;;;0.0;0.0;0.0
3202454;Ibatiba;ES;Estadual;7;0;;;;0.0;0.0;0.0
3202454;Ibatiba;ES;Estadual;8;105;0.0;0.99;0.01;0.0;103.95;1.05
3202454;Ibatiba;ES;Estadual;9;183;0.0;0.9940000000000001;0.006;0.0;181.90200000000002;1.098
3202454;Ibatiba;ES;Municipal;6;433;0.01;0.847;0.14300000000000002;4.33;366.751;61.919000000000004
3202454;Ibatiba;ES;Municipal;7;377;0.011000000000000001;0.862;0.127;4.147;324.974;47.879
3202454;Ibatiba;ES;Municipal;8;250;0.022000000000000002;0.85;0.128;5.500000000000001;212.5;32.0
3202454;Ibatiba;ES;Municipal;9;129;0.016;0.951;0.033;2.064;122.67899999999999;4.257000000000001
3202504;Ibiraçu;ES;Estadual;6;160;0.0;0.919;0.081;0.0;147.04000000000002;12.96
3202504;Ibiraçu;ES;Estadual;7;128;0.0;0.961;0.039;0.0;123.008;4.992
3202504;Ibiraçu;ES;Estadual;8;116;0.0;0.991;0.009000000000000001;0.0;114.956;1.044
3202504;Ibiraçu;ES;Estadual;9;142;0.0;0.9790000000000001;0.021;0.0;139.018;2.982
3202504;Ibiraçu;ES;Municipal;6;10;0.0;1.0;0.0;0.0;10.0;0.0
3202504;Ibiraçu;ES;Municipal;7;5;0.0;1.0;0.0;0.0;5.0;0.0
3202504;Ibiraçu;ES;Municipal;8;8;0.0;1.0;0.0;0.0;8.0;0.0
3202504;Ibiraçu;ES;Municipal;9;4;0.0;1.0;0.0;0.0;4.0;0.0
3202553;Ibitirama;ES;Estadual;6;128;0.0;1.0;0.0;0.0;128.0;0.0
3202553;Ibitirama;ES;Estadual;7;129;0.0;1.0;0.0;0.0;129.0;0.0
3202553;Ibitirama;ES;Estadual;8;113;0.0;0.982;0.018000000000000002;0.0;110.966;2.0340000000000003
3202553;Ibitirama;ES;Estadual;9;134;0.0;0.992;0.008;0.0;132.928;1.072
3202553;Ibitirama;ES;Municipal;6;50;0.02;0.98;0.0;1.0;49.0;0.0
3202553;Ibitirama;ES;Municipal;7;45;0.043;0.9570000000000001;0.0;1.9349999999999998;43.065000000000005;0.0
3202553;Ibitirama;ES;Municipal;8;32;0.09699999999999999;0.903;0.0;3.1039999999999996;28.896;0.0
3202553;Ibitirama;ES;Municipal;9;36;0.094;0.9059999999999999;0.0;3.384;32.616;0.0
3202603;Iconha;ES;Estadual;6;113;0.0;0.991;0.009000000000000001;0.0;111.983;1.0170000000000001
3202603;Iconha;ES;Estadual;7;101;0.0;0.98;0.02;0.0;98.98;2.02
3202603;Iconha;ES;Estadual;8;85;0.0;0.988;0.012;0.0;83.98;1.02
3202603;Iconha;ES;Estadual;9;86;0.0;1.0;0.0;0.0;86.0;0.0
3202603;Iconha;ES;Municipal;6;46;0.0;0.9570000000000001;0.043;0.0;44.022000000000006;1.9779999999999998
3202603;Iconha;ES;Municipal;7;39;0.0;0.9740000000000001;0.026000000000000002;0.0;37.986000000000004;1.014
3202603;Iconha;ES;Municipal;8;49;0.0;1.0;0.0;0.0;49.0;0.0
3202603;Iconha;ES;Municipal;9;54;0.0;1.0;0.0;0.0;54.0;0.0
3202652;Irupi;ES;Estadual;6;116;0.0;0.982;0.018000000000000002;0.0;113.91199999999999;2.088
3202652;Irupi;ES;Estadual;7;118;0.0;0.991;0.009000000000000001;0.0;116.938;1.062
3202652;Irupi;ES;Estadual;8;133;0.0;0.958;0.042;0.0;127.414;5.586
3202652;Irupi;ES;Estadual;9;107;0.0;1.0;0.0;0.0;107.0;0.0
3202652;Irupi;ES;Municipal;6;58;0.017;0.8640000000000001;0.11900000000000001;0.9860000000000001;50.11200000000001;6.902
3202652;Irupi;ES;Municipal;7;64;0.032;0.8590000000000001;0.109;2.048;54.976000000000006;6.976
3202652;Irupi;ES;Municipal;8;46;0.0;0.889;0.111;0.0;40.894;5.106
3202652;Irupi;ES;Municipal;9;34;0.0;1.0;0.0;0.0;34.0;0.0
3202702;Itaguaçu;ES;Estadual;6;134;0.0;0.978;0.022000000000000002;0.0;131.052;2.9480000000000004
3202702;Itaguaçu;ES;Estadual;7;122;0.0;1.0;0.0;0.0;122.0;0.0
3202702;Itaguaçu;ES;Estadual;8;110;0.0;0.991;0.009000000000000001;0.0;109.01;0.9900000000000001
3202702;Itaguaçu;ES;Estadual;9;116;0.0;1.0;0.0;0.0;116.0;0.0
3202702;Itaguaçu;ES;Municipal;6;31;0.0;1.0;0.0;0.0;31.0;0.0
3202702;Itaguaçu;ES;Municipal;7;32;0.0;1.0;0.0;0.0;32.0;0.0
3202702;Itaguaçu;ES;Municipal;8;37;0.0;1.0;0.0;0.0;37.0;0.0
3202702;Itaguaçu;ES;Municipal;9;35;0.0;1.0;0.0;0.0;35.0;0.0
3202801;Itapemirim;ES;Estadual;6;131;0.0;0.992;0.008;0.0;129.952;1.048
3202801;Itapemirim;ES;Estadual;7;149;0.0;0.9590000000000001;0.040999999999999995;0.0;142.89100000000002;6.108999999999999
3202801;Itapemirim;ES;Estadual;8;131;0.0;0.9740000000000001;0.026000000000000002;0.0;127.59400000000001;3.406
3202801;Itapemirim;ES;Estadual;9;156;0.0;0.9670000000000001;0.033;0.0;150.852;5.148000000000001
3202801;Itapemirim;ES;Municipal;6;590;0.019;0.7929999999999999;0.188;11.209999999999999;467.86999999999995;110.92
3202801;Itapemirim;ES;Municipal;7;546;0.013000000000000001;0.8590000000000001;0.128;7.098000000000001;469.01400000000007;69.888
3202801;Itapemirim;ES;Municipal;8;410;0.01;0.885;0.105;4.1;362.85;43.05
3202801;Itapemirim;ES;Municipal;9;417;0.019;0.885;0.096;7.923;369.045;40.032000000000004
3202900;Itarana;ES;Estadual;6;114;0.0;0.991;0.009000000000000001;0.0;112.974;1.026
3202900;Itarana;ES;Estadual;7;117;0.0;1.0;0.0;0.0;117.0;0.0
3202900;Itarana;ES;Estadual;8;100;0.0;0.99;0.01;0.0;99.0;1.0
3202900;Itarana;ES;Estadual;9;100;0.0;1.0;0.0;0.0;100.0;0.0
3202900;Itarana;ES;Municipal;6;0;;;;0.0;0.0;0.0
3202900;Itarana;ES;Municipal;7;0;;;;0.0;0.0;0.0
3202900;Itarana;ES;Municipal;8;0;;;;0.0;0.0;0.0
3202900;Itarana;ES;Municipal;9;0;;;;0.0;0.0;0.0
3203007;Iúna;ES;Estadual;6;286;0.0;0.993;0.006999999999999999;0.0;283.998;2.002
3203007;Iúna;ES;Estadual;7;292;0.0;0.975;0.025;0.0;284.7;7.300000000000001
3203007;Iúna;ES;Estadual;8;275;0.0;0.992;0.008;0.0;272.8;2.2
3203007;Iúna;ES;Estadual;9;262;0.0;0.988;0.012;0.0;258.856;3.144
3203007;Iúna;ES;Municipal;6;128;0.008;0.907;0.085;1.024;116.096;10.88
3203007;Iúna;ES;Municipal;7;127;0.0;0.924;0.076;0.0;117.348;9.652
3203007;Iúna;ES;Municipal;8;106;0.0;0.9490000000000001;0.051;0.0;100.59400000000001;5.406
3203007;Iúna;ES;Municipal;9;91;0.0;0.976;0.024;0.0;88.816;2.184
3203056;Jaguaré;ES;Estadual;6;178;0.0;1.0;0.0;0.0;178.0;0.0
3203056;Jaguaré;ES;Estadual;7;172;0.0;0.988;0.012;0.0;169.936;2.064
3203056;Jaguaré;ES;Estadual;8;163;0.0;0.9940000000000001;0.006;0.0;162.02200000000002;0.978
3203056;Jaguaré;ES;Estadual;9;148;0.0;1.0;0.0;0.0;148.0;0.0
3203056;Jaguaré;ES;Municipal;6;343;0.0;0.8859999999999999;0.114;0.0;303.89799999999997;39.102000000000004
3203056;Jaguaré;ES;Municipal;7;281;0.0;0.907;0.09300000000000001;0.0;254.86700000000002;26.133000000000003
3203056;Jaguaré;ES;Municipal;8;290;0.011000000000000001;0.919;0.07;3.1900000000000004;266.51;20.3
3203056;Jaguaré;ES;Municipal;9;243;0.0;0.9420000000000001;0.057999999999999996;0.0;228.906;14.094
3203106;Jerônimo Monteiro;ES;Estadual;6;92;0.0;0.9540000000000001;0.046;0.0;87.768;4.232
3203106;Jerônimo Monteiro;ES;Estadual;7;111;0.0;0.9159999999999999;0.084;0.0;101.67599999999999;9.324
3203106;Jerônimo Monteiro;ES;Estadual;8;83;0.0;0.976;0.024;0.0;81.008;1.992
3203106;Jerônimo Monteiro;ES;Estadual;9;91;0.011000000000000001;0.978;0.011000000000000001;1.0010000000000001;88.998;1.0010000000000001
3203106;Jerônimo Monteiro;ES;Municipal;6;64;0.0;1.0;0.0;0.0;64.0;0.0
3203106;Jerônimo Monteiro;ES;Municipal;7;66;0.0;0.97;0.03;0.0;64.02;1.98
3203106;Jerônimo Monteiro;ES;Municipal;8;58;0.0;0.9420000000000001;0.057999999999999996;0.0;54.636;3.364
3203106;Jerônimo Monteiro;ES;Municipal;9;71;0.0;0.986;0.013999999999999999;0.0;70.006;0.9939999999999999
3203130;João Neiva;ES;Estadual;6;0;;;;0.0;0.0;0.0
3203130;João Neiva;ES;Estadual;7;0;;;;0.0;0.0;0.0
3203130;João Neiva;ES;Estadual;8;0;;;;0.0;0.0;0.0
3203130;João Neiva;ES;Estadual;9;0;;;;0.0;0.0;0.0
3203130;João Neiva;ES;Municipal;6;172;0.0;0.988;0.012;0.0;169.936;2.064
3203130;João Neiva;ES;Municipal;7;168;0.0;0.9690000000000001;0.031;0.0;162.792;5.208
3203130;João Neiva;ES;Municipal;8;170;0.006;0.858;0.136;1.02;145.85999999999999;23.12
3203130;João Neiva;ES;Municipal;9;160;0.0;0.968;0.032;0.0;154.88;5.12
3203163;Laranja da Terra;ES;Estadual;6;98;0.0;1.0;0.0;0.0;98.0;0.0
3203163;Laranja da Terra;ES;Estadual;7;96;0.0;0.978;0.022000000000000002;0.0;93.888;2.112
3203163;Laranja da Terra;ES;Estadual;8;68;0.0;1.0;0.0;0.0;68.0;0.0
3203163;Laranja da Terra;ES;Estadual;9;55;0.0;1.0;0.0;0.0;55.0;0.0
3203163;Laranja da Terra;ES;Municipal;6;69;0.0;0.87;0.13;0.0;60.03;8.97
3203163;Laranja da Terra;ES;Municipal;7;60;0.0;0.828;0.172;0.0;49.68;10.319999999999999
3203163;Laranja da Terra;ES;Municipal;8;48;0.0;0.813;0.187;0.0;39.024;8.975999999999999
3203163;Laranja da Terra;ES;Municipal;9;46;0.0;0.976;0.024;0.0;44.896;1.104
3203205;Linhares;ES;Estadual;6;428;0.0;0.968;0.032;0.0;414.304;13.696
3203205;Linhares;ES;Estadual;7;681;0.0;0.956;0.044000000000000004;0.0;651.036;29.964000000000002
3203205;Linhares;ES;Estadual;8;811;0.003;0.97;0.027000000000000003;2.433;786.67;21.897000000000002
3203205;Linhares;ES;Estadual;9;819;0.0;0.965;0.035;0.0;790.3349999999999;28.665000000000003
3203205;Linhares;ES;Municipal;6;2075;0.005;0.8909999999999999;0.10400000000000001;10.375;1848.8249999999998;215.8
3203205;Linhares;ES;Municipal;7;1719;0.008;0.904;0.08800000000000001;13.752;1553.976;151.27200000000002
3203205;Linhares;ES;Municipal;8;1334;0.006999999999999999;0.914;0.079;9.338;1219.276;105.386
3203205;Linhares;ES;Municipal;9;1128;0.015;0.9590000000000001;0.026000000000000002;16.919999999999998;1081.7520000000002;29.328000000000003
3203304;Mantenópolis;ES;Estadual;6;134;0.0;0.992;0.008;0.0;132.928;1.072
3203304;Mantenópolis;ES;Estadual;7;151;0.0;0.993;0.006999999999999999;0.0;149.943;1.057
3203304;Mantenópolis;ES;Estadual;8;143;0.0;0.986;0.013999999999999999;0.0;140.998;2.002
3203304;Mantenópolis;ES;Estadual;9;114;0.0;0.991;0.009000000000000001;0.0;112.974;1.026
3203304;Mantenópolis;ES;Municipal;6;53;0.0;0.9420000000000001;0.057999999999999996;0.0;49.926;3.074
3203304;Mantenópolis;ES;Municipal;7;64;0.0;0.9840000000000001;0.016;0.0;62.976000000000006;1.024
3203304;Mantenópolis;ES;Municipal;8;42;0.0;1.0;0.0;0.0;42.0;0.0
3203304;Mantenópolis;ES;Municipal;9;40;0.0;1.0;0.0;0.0;40.0;0.0
3203320;Marataízes;ES;Estadual;6;33;0.031;0.813;0.156;1.023;26.828999999999997;5.148
3203320;Marataízes;ES;Estadual;7;42;0.0;0.857;0.14300000000000002;0.0;35.994;6.006
3203320;Marataízes;ES;Estadual;8;35;0.031;0.8440000000000001;0.125;1.085;29.540000000000003;4.375
3203320;Marataízes;ES;Estadual;9;56;0.0;1.0;0.0;0.0;56.0;0.0
3203320;Marataízes;ES;Municipal;6;641;0.005;0.866;0.129;3.205;555.106;82.68900000000001
3203320;Marataízes;ES;Municipal;7;569;0.005;0.875;0.12;2.845;497.875;68.28
3203320;Marataízes;ES;Municipal;8;506;0.006;0.8740000000000001;0.12;3.036;442.244;60.72
3203320;Marataízes;ES;Municipal;9;433;0.0;0.9570000000000001;0.043;0.0;414.38100000000003;18.619
3203346;Marechal Floriano;ES;Estadual;6;157;0.0;1.0;0.0;0.0;157.0;0.0
3203346;Marechal Floriano;ES;Estadual;7;136;0.0;1.0;0.0;0.0;136.0;0.0
3203346;Marechal Floriano;ES;Estadual;8;194;0.0;1.0;0.0;0.0;194.0;0.0
3203346;Marechal Floriano;ES;Estadual;9;137;0.0;1.0;0.0;0.0;137.0;0.0
3203346;Marechal Floriano;ES;Municipal;6;78;0.0;0.958;0.042;0.0;74.724;3.2760000000000002
3203346;Marechal Floriano;ES;Municipal;7;83;0.0;0.9740000000000001;0.026000000000000002;0.0;80.84200000000001;2.1580000000000004
3203346;Marechal Floriano;ES;Municipal;8;98;0.0;1.0;0.0;0.0;98.0;0.0
3203346;Marechal Floriano;ES;Municipal;9;62;0.0;0.9840000000000001;0.016;0.0;61.008;0.992
3203353;Marilândia;ES;Estadual;6;84;0.0;1.0;0.0;0.0;84.0;0.0
3203353;Marilândia;ES;Estadual;7;84;0.0;1.0;0.0;0.0;84.0;0.0
3203353;Marilândia;ES;Estadual;8;88;0.0;0.965;0.035;0.0;84.92;3.08
3203353;Marilândia;ES;Estadual;9;100;0.0;0.978;0.022000000000000002;0.0;97.8;2.2
3203353;Marilândia;ES;Municipal;6;39;0.0;1.0;0.0;0.0;39.0;0.0
3203353;Marilândia;ES;Municipal;7;32;0.0;1.0;0.0;0.0;32.0;0.0
3203353;Marilândia;ES;Municipal;8;40;0.0;1.0;0.0;0.0;40.0;0.0
3203353;Marilândia;ES;Municipal;9;34;0.0;1.0;0.0;0.0;34.0;0.0
3203403;Mimoso do Sul;ES;Estadual;6;220;0.0;0.919;0.081;0.0;202.18;17.82
3203403;Mimoso do Sul;ES;Estadual;7;237;0.0;0.9570000000000001;0.043;0.0;226.80900000000003;10.190999999999999
3203403;Mimoso do Sul;ES;Estadual;8;230;0.0;0.981;0.019;0.0;225.63;4.37
3203403;Mimoso do Sul;ES;Estadual;9;222;0.0;0.977;0.023;0.0;216.894;5.106
3203403;Mimoso do Sul;ES;Municipal;6;89;0.012;0.885;0.10300000000000001;1.068;78.765;9.167000000000002
3203403;Mimoso do Sul;ES;Municipal;7;70;0.015;0.779;0.20600000000000002;1.05;54.53;14.420000000000002
3203403;Mimoso do Sul;ES;Municipal;8;67;0.015;0.971;0.013999999999999999;1.005;65.057;0.938
3203403;Mimoso do Sul;ES;Municipal;9;85;0.012;0.976;0.012;1.02;82.96;1.02
3203502;Montanha;ES;Estadual;6;178;0.0;0.8640000000000001;0.136;0.0;153.79200000000003;24.208000000000002
3203502;Montanha;ES;Estadual;7;162;0.013999999999999999;0.925;0.061;2.268;149.85;9.882
3203502;Montanha;ES;Estadual;8;147;0.0;0.9009999999999999;0.099;0.0;132.44699999999997;14.553
3203502;Montanha;ES;Estadual;9;153;0.0;0.96;0.04;0.0;146.88;6.12
3203502;Montanha;ES;Municipal;6;134;0.0;0.7120000000000001;0.28800000000000003;0.0;95.40800000000002;38.592000000000006
3203502;Montanha;ES;Municipal;7;113;0.0;0.841;0.159;0.0;95.033;17.967
3203502;Montanha;ES;Municipal;8;85;0.0;0.915;0.085;0.0;77.775;7.2250000000000005
3203502;Montanha;ES;Municipal;9;85;0.0;0.922;0.078;0.0;78.37;6.63
3203601;Mucurici;ES;Estadual;6;40;0.0;0.976;0.024;0.0;39.04;0.96
3203601;Mucurici;ES;Estadual;7;49;0.018000000000000002;0.963;0.019;0.8820000000000001;47.187;0.9309999999999999
3203601;Mucurici;ES;Estadual;8;59;0.0;0.912;0.08800000000000001;0.0;53.808;5.192
3203601;Mucurici;ES;Estadual;9;58;0.019;0.9620000000000001;0.019;1.1019999999999999;55.79600000000001;1.1019999999999999
3203601;Mucurici;ES;Municipal;6;13;0.0;0.833;0.16699999999999998;0.0;10.828999999999999;2.171
3203601;Mucurici;ES;Municipal;7;23;0.0;0.87;0.13;0.0;20.01;2.99
3203601;Mucurici;ES;Municipal;8;19;0.0;0.905;0.095;0.0;17.195;1.805
3203601;Mucurici;ES;Municipal;9;23;0.0;1.0;0.0;0.0;23.0;0.0
3203700;Muniz Freire;ES;Estadual;6;32;0.0;1.0;0.0;0.0;32.0;0.0
3203700;Muniz Freire;ES;Estadual;7;97;0.0;1.0;0.0;0.0;97.0;0.0
3203700;Muniz Freire;ES;Estadual;8;83;0.0;1.0;0.0;0.0;83.0;0.0
3203700;Muniz Freire;ES;Estadual;9;99;0.0;1.0;0.0;0.0;99.0;0.0
3203700;Muniz Freire;ES;Municipal;6;191;0.0;0.99;0.01;0.0;189.09;1.9100000000000001
3203700;Muniz Freire;ES;Municipal;7;181;0.0;0.9490000000000001;0.051;0.0;171.769;9.231
3203700;Muniz Freire;ES;Municipal;8;154;0.0;0.953;0.047;0.0;146.762;7.238
3203700;Muniz Freire;ES;Municipal;9;123;0.009000000000000001;0.991;0.0;1.1070000000000002;121.893;0.0
3203809;Muqui;ES;Estadual;6;147;0.006999999999999999;0.9590000000000001;0.034;1.029;140.973;4.998
3203809;Muqui;ES;Estadual;7;123;0.017;0.941;0.042;2.091;115.743;5.166
3203809;Muqui;ES;Estadual;8;124;0.008;0.9590000000000001;0.033;0.992;118.91600000000001;4.0920000000000005
3203809;Muqui;ES;Estadual;9;112;0.0;0.991;0.009000000000000001;0.0;110.992;1.008
3203809;Muqui;ES;Municipal;6;64;0.0;0.8440000000000001;0.156;0.0;54.016000000000005;9.984
3203809;Muqui;ES;Municipal;7;38;0.0;0.9470000000000001;0.053;0.0;35.986000000000004;2.014
3203809;Muqui;ES;Municipal;8;31;0.0;0.9690000000000001;0.031;0.0;30.039;0.961
3203809;Muqui;ES;Municipal;9;29;0.0;1.0;0.0;0.0;29.0;0.0
3203908;Nova Venécia;ES;Estadual;6;49;0.0;1.0;0.0;0.0;49.0;0.0
3203908;Nova Venécia;ES;Estadual;7;38;0.0;1.0;0.0;0.0;38.0;0.0
3203908;Nova Venécia;ES;Estadual;8;49;0.0;1.0;0.0;0.0;49.0;0.0
3203908;Nova Venécia;ES;Estadual;9;44;0.0;1.0;0.0;0.0;44.0;0.0
3203908;Nova Venécia;ES;Municipal;6;596;0.0;0.972;0.027999999999999997;0.0;579.312;16.688
3203908;Nova Venécia;ES;Municipal;7;597;0.0;0.9620000000000001;0.038;0.0;574.3140000000001;22.686
3203908;Nova Venécia;ES;Municipal;8;543;0.0;0.971;0.028999999999999998;0.0;527.253;15.746999999999998
3203908;Nova Venécia;ES;Municipal;9;536;0.0;0.9890000000000001;0.011000000000000001;0.0;530.104;5.896000000000001
3204005;Pancas;ES;Estadual;6;93;0.0;1.0;0.0;0.0;93.0;0.0
3204005;Pancas;ES;Estadual;7;97;0.0;1.0;0.0;0.0;97.0;0.0
3204005;Pancas;ES;Estadual;8;83;0.0;0.988;0.012;0.0;82.004;0.996
3204005;Pancas;ES;Estadual;9;104;0.0;0.9790000000000001;0.021;0.0;101.816;2.184
3204005;Pancas;ES;Municipal;6;110;0.0;0.982;0.018000000000000002;0.0;108.02;1.9800000000000002
3204005;Pancas;ES;Municipal;7;140;0.0;0.986;0.013999999999999999;0.0;138.04;1.9599999999999997
3204005;Pancas;ES;Municipal;8;122;0.0;1.0;0.0;0.0;122.0;0.0
3204005;Pancas;ES;Municipal;9;125;0.0;0.992;0.008;0.0;124.0;1.0
3204054;Pedro Canário;ES;Estadual;6;260;0.0;0.98;0.02;0.0;254.79999999999998;5.2
3204054;Pedro Canário;ES;Estadual;7;282;0.0;0.996;0.004;0.0;280.872;1.1280000000000001
3204054;Pedro Canário;ES;Estadual;8;274;0.0;0.9620000000000001;0.038;0.0;263.588;10.411999999999999
3204054;Pedro Canário;ES;Estadual;9;256;0.0;0.996;0.004;0.0;254.976;1.024
3204054;Pedro Canário;ES;Municipal;6;66;0.0;0.965;0.035;0.0;63.69;2.31
3204054;Pedro Canário;ES;Municipal;7;50;0.0;0.8540000000000001;0.146;0.0;42.7;7.3
3204054;Pedro Canário;ES;Municipal;8;39;0.0;0.816;0.184;0.0;31.823999999999998;7.176
3204054;Pedro Canário;ES;Municipal;9;33;0.0;1.0;0.0;0.0;33.0;0.0
3204104;Pinheiros;ES;Estadual;6;48;0.0;0.98;0.02;0.0;47.04;0.96
3204104;Pinheiros;ES;Estadual;7;58;0.0;1.0;0.0;0.0;58.0;0.0
3204104;Pinheiros;ES;Estadual;8;61;0.0;1.0;0.0;0.0;61.0;0.0
3204104;Pinheiros;ES;Estadual;9;46;0.0;1.0;0.0;0.0;46.0;0.0
3204104;Pinheiros;ES;Municipal;6;319;0.0;0.934;0.066;0.0;297.946;21.054000000000002
3204104;Pinheiros;ES;Municipal;7;279;0.0;0.94;0.06;0.0;262.26;16.74
3204104;Pinheiros;ES;Municipal;8;251;0.0;0.9179999999999999;0.08199999999999999;0.0;230.41799999999998;20.581999999999997
3204104;Pinheiros;ES;Municipal;9;266;0.0;0.9620000000000001;0.038;0.0;255.89200000000002;10.108
3204203;Piúma;ES;Estadual;6;0;;;;0.0;0.0;0.0
3204203;Piúma;ES;Estadual;7;63;0.0;0.9840000000000001;0.016;0.0;61.992000000000004;1.008
3204203;Piúma;ES;Estadual;8;86;0.025;0.975;0.0;2.15;83.85;0.0
3204203;Piúma;ES;Estadual;9;88;0.0;1.0;0.0;0.0;88.0;0.0
3204203;Piúma;ES;Municipal;6;356;0.0;0.845;0.155;0.0;300.82;55.18
3204203;Piúma;ES;Municipal;7;244;0.005;0.852;0.14300000000000002;1.22;207.888;34.892
3204203;Piúma;ES;Municipal;8;211;0.0;0.898;0.102;0.0;189.478;21.522
3204203;Piúma;ES;Municipal;9;199;0.005;0.958;0.037000000000000005;0.995;190.642;7.363000000000001
3204252;Ponto Belo;ES;Estadual;6;90;0.0;0.9209999999999999;0.079;0.0;82.89;7.11
3204252;Ponto Belo;ES;Estadual;7;102;0.0;0.97;0.03;0.0;98.94;3.06
3204252;Ponto Belo;ES;Estadual;8;92;0.0;0.9009999999999999;0.099;0.0;82.892;9.108
3204252;Ponto Belo;ES;Estadual;9;84;0.0;0.9890000000000001;0.011000000000000001;0.0;83.07600000000001;0.924
3204252;Ponto Belo;ES;Municipal;6;19;0.0;1.0;0.0;0.0;19.0;0.0
3204252;Ponto Belo;ES;Municipal;7;17;0.0;1.0;0.0;0.0;17.0;0.0
3204252;Ponto Belo;ES;Municipal;8;16;0.0;1.0;0.0;0.0;16.0;0.0
3204252;Ponto Belo;ES;Municipal;9;28;0.0;1.0;0.0;0.0;28.0;0.0
3204302;Presidente Kennedy;ES;Estadual;6;0;;;;0.0;0.0;0.0
3204302;Presidente Kennedy;ES;Estadual;7;0;;;;0.0;0.0;0.0
3204302;Presidente Kennedy;ES;Estadual;8;0;;;;0.0;0.0;0.0
3204302;Presidente Kennedy;ES;Estadual;9;0;;;;0.0;0.0;0.0
3204302;Presidente Kennedy;ES;Municipal;6;199;0.0;0.99;0.01;0.0;197.01;1.99
3204302;Presidente Kennedy;ES;Municipal;7;189;0.005;0.9840000000000001;0.011000000000000001;0.9450000000000001;185.97600000000003;2.079
3204302;Presidente Kennedy;ES;Municipal;8;196;0.0;0.968;0.032;0.0;189.728;6.272
3204302;Presidente Kennedy;ES;Municipal;9;169;0.0;1.0;0.0;0.0;169.0;0.0
3204351;Rio Bananal;ES;Estadual;6;0;;;;0.0;0.0;0.0
3204351;Rio Bananal;ES;Estadual;7;0;;;;0.0;0.0;0.0
3204351;Rio Bananal;ES;Estadual;8;0;;;;0.0;0.0;0.0
3204351;Rio Bananal;ES;Estadual;9;0;;;;0.0;0.0;0.0
3204351;Rio Bananal;ES;Municipal;6;319;0.0;0.879;0.121;0.0;280.401;38.599
3204351;Rio Bananal;ES;Municipal;7;304;0.0;0.9179999999999999;0.08199999999999999;0.0;279.072;24.927999999999997
3204351;Rio Bananal;ES;Municipal;8;261;0.0;0.955;0.045;0.0;249.255;11.745
3204351;Rio Bananal;ES;Municipal;9;247;0.0;0.983;0.017;0.0;242.801;4.199000000000001
3204401;Rio Novo do Sul;ES;Estadual;6;162;0.0;0.938;0.062;0.0;151.956;10.044
3204401;Rio Novo do Sul;ES;Estadual;7;137;0.0;0.9259999999999999;0.07400000000000001;0.0;126.862;10.138000000000002
3204401;Rio Novo do Sul;ES;Estadual;8;126;0.0;0.9259999999999999;0.07400000000000001;0.0;116.67599999999999;9.324000000000002
3204401;Rio Novo do Sul;ES;Estadual;9;127;0.0;0.992;0.008;0.0;125.984;1.016
3204401;Rio Novo do Sul;ES;Municipal;6;0;;;;0.0;0.0;0.0
3204401;Rio Novo do Sul;ES;Municipal;7;0;;;;0.0;0.0;0.0
3204401;Rio Novo do Sul;ES;Municipal;8;0;;;;0.0;0.0;0.0
3204401;Rio Novo do Sul;ES;Municipal;9;0;;;;0.0;0.0;0.0
3204500;Santa Leopoldina;ES;Estadual;6;88;0.0;1.0;0.0;0.0;88.0;0.0
3204500;Santa Leopoldina;ES;Estadual;7;58;0.0;1.0;0.0;0.0;58.0;0.0
3204500;Santa Leopoldina;ES;Estadual;8;81;0.025;0.975;0.0;2.025;78.975;0.0
3204500;Santa Leopoldina;ES;Estadual;9;57;0.0;1.0;0.0;0.0;57.0;0.0
3204500;Santa Leopoldina;ES;Municipal;6;55;0.0;0.895;0.105;0.0;49.225;5.7749999999999995
3204500;Santa Leopoldina;ES;Municipal;7;56;0.0;0.9620000000000001;0.038;0.0;53.87200000000001;2.128
3204500;Santa Leopoldina;ES;Municipal;8;52;0.021;0.915;0.064;1.092;47.58;3.3280000000000003
3204500;Santa Leopoldina;ES;Municipal;9;39;0.026000000000000002;0.9740000000000001;0.0;1.014;37.986000000000004;0.0
3204559;Santa Maria de Jetibá;ES;Estadual;6;395;0.0;0.94;0.06;0.0;371.29999999999995;23.7
3204559;Santa Maria de Jetibá;ES;Estadual;7;417;0.0;0.966;0.034;0.0;402.822;14.178
3204559;Santa Maria de Jetibá;ES;Estadual;8;346;0.0;0.948;0.052000000000000005;0.0;328.008;17.992
3204559;Santa Maria de Jetibá;ES;Estadual;9;325;0.0;0.99;0.01;0.0;321.75;3.25
3204559;Santa Maria de Jetibá;ES;Municipal;6;180;0.005;0.856;0.139;0.9;154.07999999999998;25.020000000000003
3204559;Santa Maria de Jetibá;ES;Municipal;7;213;0.005;0.8270000000000001;0.168;1.065;176.151;35.784
3204559;Santa Maria de Jetibá;ES;Municipal;8;145;0.0;0.941;0.059000000000000004;0.0;136.445;8.555
3204559;Santa Maria de Jetibá;ES;Municipal;9;135;0.0;0.993;0.006999999999999999;0.0;134.055;0.945
3204609;Santa Teresa;ES;Estadual;6;82;0.0;0.988;0.012;0.0;81.016;0.984
3204609;Santa Teresa;ES;Estadual;7;62;0.017;0.983;0.0;1.054;60.946;0.0
3204609;Santa Teresa;ES;Estadual;8;71;0.0;0.971;0.028999999999999998;0.0;68.941;2.0589999999999997
3204609;Santa Teresa;ES;Estadual;9;76;0.0;1.0;0.0;0.0;76.0;0.0
3204609;Santa Teresa;ES;Municipal;6;230;0.0;0.9259999999999999;0.07400000000000001;0.0;212.98;17.020000000000003
3204609;Santa Teresa;ES;Municipal;7;196;0.0;0.938;0.062;0.0;183.84799999999998;12.152
3204609;Santa Teresa;ES;Municipal;8;223;0.0;0.915;0.085;0.0;204.04500000000002;18.955000000000002
3204609;Santa Teresa;ES;Municipal;9;191;0.0;0.978;0.022000000000000002;0.0;186.798;4.202000000000001
3205002;Serra;ES;Estadual;6;3295;0.009000000000000001;0.978;0.013000000000000001;29.655000000000005;3222.5099999999998;42.835
3205002;Serra;ES;Estadual;7;3585;0.019;0.9640000000000001;0.017;68.115;3455.9400000000005;60.94500000000001
3205002;Serra;ES;Estadual;8;3543;0.013000000000000001;0.965;0.022000000000000002;46.059000000000005;3418.995;77.94600000000001
3205002;Serra;ES;Estadual;9;3322;0.013000000000000001;0.98;0.006999999999999999;43.18600000000001;3255.56;23.253999999999998
3205002;Serra;ES;Municipal;6;4243;0.002;0.8759999999999999;0.122;8.486;3716.8679999999995;517.646
3205002;Serra;ES;Municipal;7;3495;0.005;0.883;0.11199999999999999;17.475;3086.085;391.43999999999994
3205002;Serra;ES;Municipal;8;3256;0.005;0.9079999999999999;0.087;16.28;2956.448;283.272
3205002;Serra;ES;Municipal;9;2536;0.004;0.9490000000000001;0.047;10.144;2406.664;119.19200000000001
3205010;Sooretama;ES;Estadual;6;0;;;;0.0;0.0;0.0
3205010;Sooretama;ES;Estadual;7;75;0.0;0.986;0.013999999999999999;0.0;73.95;1.0499999999999998
3205010;Sooretama;ES;Estadual;8;114;0.0;1.0;0.0;0.0;114.0;0.0
3205010;Sooretama;ES;Estadual;9;85;0.0;1.0;0.0;0.0;85.0;0.0
3205010;Sooretama;ES;Municipal;6;473;0.0;0.953;0.047;0.0;450.769;22.231
3205010;Sooretama;ES;Municipal;7;391;0.0;0.943;0.057;0.0;368.71299999999997;22.287
3205010;Sooretama;ES;Municipal;8;295;0.0;0.961;0.039;0.0;283.495;11.505
3205010;Sooretama;ES;Municipal;9;341;0.006;0.9790000000000001;0.015;2.0460000000000003;333.83900000000006;5.115
3204658;São Domingos do Norte;ES;Estadual;6;21;0.0;0.95;0.05;0.0;19.95;1.05
3204658;São Domingos do Norte;ES;Estadual;7;38;0.0;1.0;0.0;0.0;38.0;0.0
3204658;São Domingos do Norte;ES;Estadual;8;31;0.0;1.0;0.0;0.0;31.0;0.0
3204658;São Domingos do Norte;ES;Estadual;9;33;0.0;1.0;0.0;0.0;33.0;0.0
3204658;São Domingos do Norte;ES;Municipal;6;112;0.0;0.98;0.02;0.0;109.75999999999999;2.24
3204658;São Domingos do Norte;ES;Municipal;7;102;0.0;0.905;0.095;0.0;92.31;9.69
3204658;São Domingos do Norte;ES;Municipal;8;94;0.0;1.0;0.0;0.0;94.0;0.0
3204658;São Domingos do Norte;ES;Municipal;9;80;0.0;1.0;0.0;0.0;80.0;0.0
3204708;São Gabriel da Palha;ES;Estadual;6;148;0.0;0.986;0.013999999999999999;0.0;145.928;2.0719999999999996
3204708;São Gabriel da Palha;ES;Estadual;7;141;0.0;0.9790000000000001;0.021;0.0;138.03900000000002;2.9610000000000003
3204708;São Gabriel da Palha;ES;Estadual;8;180;0.0;0.9940000000000001;0.006;0.0;178.92000000000002;1.08
3204708;São Gabriel da Palha;ES;Estadual;9;174;0.0;1.0;0.0;0.0;174.0;0.0
3204708;São Gabriel da Palha;ES;Municipal;6;219;0.013999999999999999;0.8190000000000001;0.16699999999999998;3.066;179.36100000000002;36.57299999999999
3204708;São Gabriel da Palha;ES;Municipal;7;238;0.004;0.888;0.10800000000000001;0.9520000000000001;211.344;25.704000000000004
3204708;São Gabriel da Palha;ES;Municipal;8;212;0.01;0.836;0.154;2.12;177.232;32.647999999999996
3204708;São Gabriel da Palha;ES;Municipal;9;175;0.012;0.8859999999999999;0.102;2.1;155.04999999999998;17.849999999999998
3204807;São José do Calçado;ES;Estadual;6;0;;;;0.0;0.0;0.0
3204807;São José do Calçado;ES;Estadual;7;0;;;;0.0;0.0;0.0
3204807;São José do Calçado;ES;Estadual;8;33;0.0;0.968;0.032;0.0;31.944;1.056
3204807;São José do Calçado;ES;Estadual;9;64;0.0;1.0;0.0;0.0;64.0;0.0
3204807;São José do Calçado;ES;Municipal;6;136;0.0;0.977;0.023;0.0;132.87199999999999;3.128
3204807;São José do Calçado;ES;Municipal;7;117;0.0;0.973;0.027000000000000003;0.0;113.841;3.1590000000000003
3204807;São José do Calçado;ES;Municipal;8;92;0.0;0.978;0.022000000000000002;0.0;89.976;2.024
3204807;São José do Calçado;ES;Municipal;9;63;0.0;0.9840000000000001;0.016;0.0;61.992000000000004;1.008
3204906;São Mateus;ES;Estadual;6;556;0.0;0.9940000000000001;0.006;0.0;552.6640000000001;3.336
3204906;São Mateus;ES;Estadual;7;557;0.0;0.998;0.002;0.0;555.886;1.114
3204906;São Mateus;ES;Estadual;8;536;0.0;0.988;0.012;0.0;529.568;6.432
3204906;São Mateus;ES;Estadual;9;522;0.0;0.9940000000000001;0.006;0.0;518.868;3.132
3204906;São Mateus;ES;Municipal;6;1279;0.002;0.7659999999999999;0.23199999999999998;2.5580000000000003;979.7139999999998;296.72799999999995
3204906;São Mateus;ES;Municipal;7;1077;0.002;0.767;0.231;2.154;826.059;248.787
3204906;São Mateus;ES;Municipal;8;994;0.0;0.831;0.16899999999999998;0.0;826.014;167.986
3204906;São Mateus;ES;Municipal;9;888;0.003;0.86;0.13699999999999998;2.664;763.68;121.65599999999999
3204955;São Roque do Canaã;ES;Estadual;6;60;0.0;1.0;0.0;0.0;60.0;0.0
3204955;São Roque do Canaã;ES;Estadual;7;77;0.0;1.0;0.0;0.0;77.0;0.0
3204955;São Roque do Canaã;ES;Estadual;8;79;0.0;0.986;0.013999999999999999;0.0;77.894;1.1059999999999999
3204955;São Roque do Canaã;ES;Estadual;9;95;0.0;1.0;0.0;0.0;95.0;0.0
3204955;São Roque do Canaã;ES;Municipal;6;69;0.0;1.0;0.0;0.0;69.0;0.0
3204955;São Roque do Canaã;ES;Municipal;7;60;0.0;1.0;0.0;0.0;60.0;0.0
3204955;São Roque do Canaã;ES;Municipal;8;40;0.0;1.0;0.0;0.0;40.0;0.0
3204955;São Roque do Canaã;ES;Municipal;9;40;0.0;1.0;0.0;0.0;40.0;0.0
3205036;Vargem Alta;ES;Estadual;6;97;0.0;0.9690000000000001;0.031;0.0;93.99300000000001;3.007
3205036;Vargem Alta;ES;Estadual;7;141;0.022000000000000002;0.9640000000000001;0.013999999999999999;3.1020000000000003;135.924;1.9739999999999998
3205036;Vargem Alta;ES;Estadual;8;124;0.0;0.95;0.05;0.0;117.8;6.2
3205036;Vargem Alta;ES;Estadual;9;98;0.011000000000000001;0.946;0.043;1.078;92.708;4.2139999999999995
3205036;Vargem Alta;ES;Municipal;6;140;0.0;0.86;0.14;0.0;120.39999999999999;19.6
3205036;Vargem Alta;ES;Municipal;7;151;0.0;0.8079999999999999;0.192;0.0;122.008;28.992
3205036;Vargem Alta;ES;Municipal;8;136;0.0;0.8690000000000001;0.131;0.0;118.18400000000001;17.816000000000003
3205036;Vargem Alta;ES;Municipal;9;118;0.008;0.838;0.154;0.9440000000000001;98.884;18.172
3205069;Venda Nova do Imigrante;ES;Estadual;6;165;0.0;0.981;0.019;0.0;161.865;3.135
3205069;Venda Nova do Imigrante;ES;Estadual;7;204;0.0;0.9740000000000001;0.026000000000000002;0.0;198.69600000000003;5.304
3205069;Venda Nova do Imigrante;ES;Estadual;8;155;0.0;0.953;0.047;0.0;147.715;7.285
3205069;Venda Nova do Imigrante;ES;Estadual;9;147;0.0;0.985;0.015;0.0;144.795;2.205
3205069;Venda Nova do Imigrante;ES;Municipal;6;104;0.0;0.99;0.01;0.0;102.96;1.04
3205069;Venda Nova do Imigrante;ES;Municipal;7;123;0.0;0.985;0.015;0.0;121.155;1.845
3205069;Venda Nova do Imigrante;ES;Municipal;8;116;0.01;0.972;0.018000000000000002;1.16;112.752;2.088
3205069;Venda Nova do Imigrante;ES;Municipal;9;103;0.0;1.0;0.0;0.0;103.0;0.0
3205101;Viana;ES;Estadual;6;68;0.0;1.0;0.0;0.0;68.0;0.0
3205101;Viana;ES;Estadual;7;101;0.0;0.97;0.03;0.0;97.97;3.03
3205101;Viana;ES;Estadual;8;304;0.0;0.987;0.013000000000000001;0.0;300.048;3.9520000000000004
3205101;Viana;ES;Estadual;9;286;0.0;0.978;0.022000000000000002;0.0;279.70799999999997;6.292000000000001
3205101;Viana;ES;Municipal;6;1103;0.002;0.9640000000000001;0.034;2.206;1063.2920000000001;37.502
3205101;Viana;ES;Municipal;7;953;0.003;0.968;0.028999999999999998;2.859;922.504;27.636999999999997
3205101;Viana;ES;Municipal;8;699;0.003;0.956;0.040999999999999995;2.097;668.244;28.658999999999995
3205101;Viana;ES;Municipal;9;635;0.0;0.9890000000000001;0.011000000000000001;0.0;628.0150000000001;6.985
3205150;Vila Pavão;ES;Estadual;6;30;0.0;1.0;0.0;0.0;30.0;0.0
3205150;Vila Pavão;ES;Estadual;7;28;0.0;1.0;0.0;0.0;28.0;0.0
3205150;Vila Pavão;ES;Estadual;8;18;0.0;1.0;0.0;0.0;18.0;0.0
3205150;Vila Pavão;ES;Estadual;9;29;0.0;1.0;0.0;0.0;29.0;0.0
3205150;Vila Pavão;ES;Municipal;6;100;0.0;0.99;0.01;0.0;99.0;1.0
3205150;Vila Pavão;ES;Municipal;7;123;0.0;0.973;0.027000000000000003;0.0;119.679;3.321
3205150;Vila Pavão;ES;Municipal;8;97;0.0;0.9690000000000001;0.031;0.0;93.99300000000001;3.007
3205150;Vila Pavão;ES;Municipal;9;101;0.0;0.99;0.01;0.0;99.99;1.01
3205176;Vila Valério;ES;Estadual;6;34;0.0;1.0;0.0;0.0;34.0;0.0
3205176;Vila Valério;ES;Estadual;7;67;0.0;0.93;0.07;0.0;62.31;4.69
3205176;Vila Valério;ES;Estadual;8;37;0.0;1.0;0.0;0.0;37.0;0.0
3205176;Vila Valério;ES;Estadual;9;67;0.016;0.9840000000000001;0.0;1.072;65.92800000000001;0.0
3205176;Vila Valério;ES;Municipal;6;208;0.015;0.861;0.124;3.12;179.088;25.792
3205176;Vila Valério;ES;Municipal;7;148;0.015;0.941;0.044000000000000004;2.2199999999999998;139.268;6.5120000000000005
3205176;Vila Valério;ES;Municipal;8;162;0.006;0.899;0.095;0.972;145.638;15.39
3205176;Vila Valério;ES;Municipal;9;137;0.0;1.0;0.0;0.0;137.0;0.0
3205200;Vila Velha;ES;Estadual;6;189;0.0;0.9940000000000001;0.006;0.0;187.866;1.1340000000000001
3205200;Vila Velha;ES;Estadual;7;334;0.021;0.97;0.009000000000000001;7.014;323.98;3.0060000000000002
3205200;Vila Velha;ES;Estadual;8;660;0.013999999999999999;0.9740000000000001;0.012;9.239999999999998;642.84;7.92
3205200;Vila Velha;ES;Estadual;9;773;0.012;0.976;0.012;9.276;754.448;9.276
3205200;Vila Velha;ES;Municipal;6;4775;0.002;0.965;0.033;9.55;4607.875;157.57500000000002
3205200;Vila Velha;ES;Municipal;7;4173;0.001;0.971;0.027999999999999997;4.173;4051.9829999999997;116.844
3205200;Vila Velha;ES;Municipal;8;3673;0.005;0.968;0.027000000000000003;18.365000000000002;3555.464;99.171
3205200;Vila Velha;ES;Municipal;9;3353;0.003;0.99;0.006999999999999999;10.059000000000001;3319.47;23.470999999999997
3205309;Vitória;ES;Estadual;6;44;0.0;0.977;0.023;0.0;42.988;1.012
3205309;Vitória;ES;Estadual;7;86;0.0;0.988;0.012;0.0;84.968;1.032
3205309;Vitória;ES;Estadual;8;67;0.0;0.9420000000000001;0.057999999999999996;0.0;63.114000000000004;3.8859999999999997
3205309;Vitória;ES;Estadual;9;440;0.002;0.9670000000000001;0.031;0.88;425.48;13.64
3205309;Vitória;ES;Municipal;6;2985;0.008;0.899;0.09300000000000001;23.88;2683.515;277.605
3205309;Vitória;ES;Municipal;7;2855;0.012;0.917;0.071;34.26;2618.0350000000003;202.70499999999998
3205309;Vitória;ES;Municipal;8;2761;0.012;0.938;0.05;33.132;2589.8179999999998;138.05
3205309;Vitória;ES;Municipal;9;2187;0.01;0.9690000000000001;0.021;21.87;2119.203;45.927
3200169;Água Doce do Norte;ES;Estadual;6;112;0.0;0.991;0.009000000000000001;0.0;110.992;1.008
3200169;Água Doce do Norte;ES;Estadual;7;122;0.0;0.966;0.034;0.0;117.85199999999999;4.148000000000001
3200169;Água Doce do Norte;ES;Estadual;8;121;0.008;0.975;0.017;0.968;117.975;2.057
3200169;Água Doce do Norte;ES;Estadual;9;98;0.01;0.98;0.01;0.98;96.03999999999999;0.98
3200169;Água Doce do Norte;ES;Municipal;6;78;0.027000000000000003;0.934;0.039;2.1060000000000003;72.852;3.042
3200169;Água Doce do Norte;ES;Municipal;7;58;0.0;0.9620000000000001;0.038;0.0;55.79600000000001;2.2039999999999997
3200169;Água Doce do Norte;ES;Municipal;8;70;0.0;1.0;0.0;0.0;70.0;0.0
3200169;Água Doce do Norte;ES;Municipal;9;64;0.048;0.9520000000000001;0.0;3.072;60.928000000000004;0.0
3200136;Águia Branca;ES;Estadual;6;59;0.0;1.0;0.0;0.0;59.0;0.0
3200136;Águia Branca;ES;Estadual;7;61;0.0;1.0;0.0;0.0;61.0;0.0
3200136;Águia Branca;ES;Estadual;8;84;0.0;1.0;0.0;0.0;84.0;0.0
3200136;Águia Branca;ES;Estadual;9;72;0.0;1.0;0.0;0.0;72.0;0.0
3200136;Águia Branca;ES;Municipal;6;85;0.0;0.976;0.024;0.0;82.96;2.04
3200136;Águia Branca;ES;Municipal;7;83;0.0;1.0;0.0;0.0;83.0;0.0
3200136;Águia Branca;ES;Municipal;8;75;0.0;1.0;0.0;0.0;75.0;0.0
3200136;Águia Branca;ES;Municipal;9;56;0.0;0.983;0.017;0.0;55.048;0.9520000000000001
